<?xml version="1.0" encoding="UTF-8"?>
<beans xmlns="http://www.springframework.org/schema/beans"
	xmlns:xsi="http://www.w3.org/2001/XMLSchema-instance"
	xmlns:context="http://www.springframework.org/schema/context"
	xmlns:tx="http://www.springframework.org/schema/tx"
	xsi:schemaLocation="http://www.springframework.org/schema/beans
  http://www.springframework.org/schema/beans/spring-beans-4.0.xsd
  http://www.springframework.org/schema/context
    http://www.springframework.org/schema/context/spring-context-4.0.xsd
    http://www.springframework.org/schema/tx
    http://www.springframework.org/schema/tx/spring-tx-4.0.xsd">

	<bean id="testBean" abstract="true"
		class="com.rays.child.TestBean">
		<property name="name" value="parent" />
		<property name="age" value="100" />
	</bean>

	<bean id="derivedTestBean" class="com.rays.child.DerivedTestBean"
		parent="testBean" init-method="initialize">
		<property name="name" value="child" />
		<property name="age" value="10" />
	</bean>
</beans>