<?xml version="1.0" encoding="UTF-8"?>
<beans xmlns="http://www.springframework.org/schema/beans"
	xmlns:xsi="http://www.w3.org/2001/XMLSchema-instance"
	xmlns:context="http://www.springframework.org/schema/context"
	xsi:schemaLocation="http://www.springframework.org/schema/beans
           http://www.springframework.org/schema/beans/spring-beans.xsd
           http://www.springframework.org/schema/context
           http://www.springframework.org/schema/context/spring-context.xsd">

	<context:component-scan
		base-package="com.rays.exclude" />

	<bean id="userService" class="com.rays.exclude.UserService">
		<constructor-arg value="abc" />
	</bean>

	<!-- Excluding userService from autowiring -->
	<bean id="userServiceToExclude"
		class="com.rays.exclude.UserService" autowire-candidate="false"
		primary="true">
		<constructor-arg value="xyz" />
	</bean>

	<bean id="anotherService" class="com.rays.exclude.AnotherService" />

	<bean id="testAutowire" class="com.rays.exclude.TestAutowire"
		autowire="byType" />

</beans>
